Patient_ID,Age,Gender,BMI,Hypertension,Smoking_Status,Exercise_Level,Cardiac_Event
1001,58,Male,28.4,Yes,Current,Low,1
1002,45,Female,24.1,No,Never,Moderate,0
1003,62,Male,31.2,Yes,Former,Low,1
1004,39,Female,22.8,No,Never,High,0
1005,53,Male,29.5,Yes,Current,Low,1
1006,67,Female,27.3,Yes,Never,Moderate,1
1007,41,Male,23.5,No,Never,High,0
1008,55,Female,30.1,Yes,Former,Low,0
1009,64,Male,33.0,Yes,Current,Low,1
1010,48,Female,26.4,No,Never,Moderate,0
1011,51,Male,25.8,No,Current,Moderate,0
1012,70,Male,32.4,Yes,Former,Low,1
1013,44,Female,21.9,No,Never,High,0
1014,59,Male,28.7,Yes,Current,Low,1
1015,61,Female,29.8,Yes,Never,Moderate,0
1016,38,Male,24.0,No,Never,High,0
1017,66,Male,31.5,Yes,Current,Low,1
1018,52,Female,27.0,No,Former,Moderate,0
1019,49,Male,26.2,No,Never,Moderate,0
1020,57,Female,30.5,Yes,Current,Low,1
